{"cameraMode":{"drawMode":0,"name":"Shaded","section":"Shading Mode"},"sceneLighting":false,"audioPlay":false,"sceneViewState":{"m_AlwaysRefresh":false,"showFog":true,"showSkybox":true,"showFlares":true,"showImageEffects":true,"showParticleSystems":true,"showVisualEffectGraphs":true,"m_FxEnabled":true},"in2DMode":false,"pivot":{"x":1.6459975242614747,"y":9.366052627563477,"z":10.663841247558594},"rotation":{"x":0.33713942766189577,"y":-0.23322594165802003,"z":0.08655893057584763,"w":0.9080434441566467},"size":0.8660253882408142,"orthographic":false}