{"cameraMode":{"drawMode":0,"name":"Shaded","section":"Shading Mode"},"sceneLighting":false,"audioPlay":false,"sceneViewState":{"m_AlwaysRefresh":false,"showFog":true,"showSkybox":false,"showFlares":true,"showImageEffects":true,"showParticleSystems":true,"showVisualEffectGraphs":true,"m_FxEnabled":true},"in2DMode":false,"pivot":{"x":-35.299007415771487,"y":-5.278010368347168,"z":-0.8842518329620361},"rotation":{"x":-0.0005619677249342203,"y":0.997160792350769,"z":-0.007478845771402121,"w":-0.07492759078741074},"size":18.841848373413087,"orthographic":true}