{"cameraMode":{"drawMode":0,"name":"Shaded","section":"Shading Mode"},"sceneLighting":false,"audioPlay":false,"sceneViewState":{"m_AlwaysRefresh":false,"showFog":true,"showSkybox":false,"showFlares":true,"showImageEffects":true,"showParticleSystems":true,"showVisualEffectGraphs":true,"m_FxEnabled":true},"in2DMode":false,"pivot":{"x":-0.02459302544593811,"y":3.430260181427002,"z":-3.15401554107666},"rotation":{"x":0.024381842464208604,"y":-0.6742352843284607,"z":0.022230366244912149,"w":0.7378190159797669},"size":0.9711484313011169,"orthographic":false}